{
  "tier1": {
    "overall": {
      "accuracy": 0.6911764705882353,
      "f1": 0.6650246305418719,
      "confusion_matrix": [
        [
          14,
          8
        ],
        [
          13,
          33
        ]
      ],
      "n": 68
    },
    "by_task": [
      {
        "task": "T1",
        "n": 22,
        "accuracy": 0.6363636363636364,
        "f1": 0.3888888888888889,
        "cm": [
          [
            14,
            8
          ],
          [
            0,
            0
          ]
        ]
      },
      {
        "task": "T2",
        "n": 23,
        "accuracy": 0.782608695652174,
        "f1": 0.43902439024390244,
        "cm": [
          [
            0,
            0
          ],
          [
            5,
            18
          ]
        ]
      },
      {
        "task": "T3",
        "n": 23,
        "accuracy": 0.6521739130434783,
        "f1": 0.39473684210526316,
        "cm": [
          [
            0,
            0
          ],
          [
            8,
            15
          ]
        ]
      }
    ],
    "by_scenario": [
      {
        "scenario": "ctrl",
        "n": 22,
        "accuracy": 0.6363636363636364,
        "f1_macro": 0.3888888888888889,
        "cm": [
          [
            14,
            8
          ],
          [
            0,
            0
          ]
        ]
      },
      {
        "scenario": "test",
        "n": 46,
        "accuracy": 0.717391304347826,
        "f1_macro": 0.4177215189873418,
        "cm": [
          [
            0,
            0
          ],
          [
            13,
            33
          ]
        ]
      }
    ]
  }
}